Job Role,Company,Location,Description,Job Link
Retouch Artist,Craving Digital Studio Pvt. Ltd.,"Mumbai, India","Enhance and edit images, using Adobe Photoshop & Generative AI for creative solutions",https://www.behance.net/joblist/311883/Retouch-Artist
UI/UX Designer,Mavenpro Solutions,"Kolkata, India",UI/UX Designer needed. 1-2 yrs exp. Strong portfolio a must. Apply now!,https://www.behance.net/joblist/311875/UIUX-Designer
Visual Designers,Byond Media,India,We are looking for Visual Designers,https://www.behance.net/joblist/311807/Visual-Designers
Video Editor,Win It Social,"Mumbai, India",We are looking for a video editor who is proficient with Adobe Premiere Pro,https://www.behance.net/joblist/311757/Video-Editor
UI/UX Designer,KARCO,"Mumbai, India",We are looking for a senior/mid UI/UX Designer,https://www.behance.net/joblist/160151/UIUX-Designer
Junior Art Director/illustrator,"Freeflow Ideas, Bangalore",India,We‚Äôre hiring a Junior Art Director/illustrator at freeflowideas.in,https://www.behance.net/joblist/310803/Junior-Art-Directorillustrator
Graphic Designer,Studio Image Works,"New Delhi, India",We are looking for a creative and skilled Graphic Designer.,https://www.behance.net/joblist/310445/Graphic-Designer
UI/UX Designer,Knovos,"Gandhinagar, India",A candidate with thorough understanding of UI/UX design principles,https://www.behance.net/joblist/291661/UIUX-Designer
Graphic Designer,Knovos,"Gandhinagar, India",An all-round graphic designer for whom creativity matters more than the tools.,https://www.behance.net/joblist/291649/Graphic-Designer
Graphic Designer,Palnesto,"Hyderabad, India",Palnesto is looking for 3 innovative Graphic Designers to join our team!,https://www.behance.net/joblist/310361/Graphic-Designer
Copywriter,VOLUME,India,PLEASE NOTE: We are not looking for Content Writers.,https://www.behance.net/joblist/310349/Copywriter
Creative Associate - Art,VOLUME,India,We are looking for a Creative - Art Director/Graphic Design with a proactive attitude.,https://www.behance.net/joblist/310347/Creative-Associate-Art
Logo Designer,Identity Makers,"Ahmedabad, India",We are looking for a Professional Logo and Packaging designer,https://www.behance.net/joblist/310263/Logo-Designer
Graphic Designer,WYSIWYG EVENTS PVT LTD,India,Looking for a graphic designer - Onsite Location - Gurgaon office,https://www.behance.net/joblist/310283/Graphic-Designer
Graphic Designer/Social Media/Branding,Evolv Clothing Company,India,Social Media & Content Manager,https://www.behance.net/joblist/310211/Graphic-DesignerSocial-MediaBranding
Graphic Designer,Silly Monks Entertainment,"Hyderabad, India",We are looking for a creative graphic designer for the movies and brands,https://www.behance.net/joblist/277029/Graphic-Designer
Videographer cum video editor,Meragi,"Hyderabad, India",Videographer cum video editor at Meragi,https://www.behance.net/joblist/312055/Videographer-cum-video-editor
Social Media Manager,Shashi Prabhu & Associates,India,Looking for a creative Social Media Manager,https://www.behance.net/joblist/311979/Social-Media-Manager
Sr. Architect - Buildings,Shashi Prabhu & Associates,India,"Senior Architect, 8-10 yrs exp, Mumbai resident",https://www.behance.net/joblist/311977/Sr-Architect-Buildings
UI/UX Designer,Juntrax Solutions,"Bangalore, India",UI/UX Designer for B2B Product Company,https://www.behance.net/joblist/303865/UIUX-Designer
Creative Director,Advertigers,"Pune, India","Candidate needed with product photography, shoot management, and client coordination.",https://www.behance.net/joblist/311879/Creative-Director
Graphic Designer,Kavish Media,"Indore, India",Looking for Graphic Designer,https://www.behance.net/joblist/311779/Graphic-Designer
Lead Graphic Designer,Intelligible Works,India,Talented and Motivated Graphic Designer,https://www.behance.net/joblist/311775/Lead-Graphic-Designer
Graphic designer,Anynews,"Hyderabad, India",Graphic Designer,https://www.behance.net/joblist/311773/Graphic-designer
Graphic Designer / Video Editor (Arabic Speaker) $150-$250,TasweeQ360,Anywhere,Graphic Designer (Arabic Speaker) Branding & Social Media $150-250/ Month,https://www.behance.net/joblist/308419/Graphic-Designer-Video-Editor-(Arabic-Speaker)-S150-S250
Middle+/Senior Motion Designer,Dialogue,Anywhere,We‚Äôre looking for a creative Middle+/Senior Motion Designer,https://www.behance.net/joblist/311453/MiddleSenior-Motion-Designer
Senior Game UI Artist ( Mobile Casual Game),Omnio Games,"Ata≈üehir, Turkey",We are looking forward to working with a senior UI artists for our new casual game project,https://www.behance.net/joblist/270575/Senior-Game-UI-Artist-(-Mobile-Casual-Game)
Dise√±ador/a grafico/a,Luis Negri,Anywhere,Dise√±ador/ra gr√°fico para marca de lujo con sede en Roma y Madrid,https://www.behance.net/joblist/304719/Disenadora-graficoa
Dise√±ador de interiores,Metroimagen SL,"Arroyomolinos, Spain",Dise√±ador de interiores con conocimientos en 3D y gesti√≥n de proyectos de principio a fin.,https://www.behance.net/joblist/311337/Disenador-de-interiores
DISE√ëADOR JR CORPORATIVO,Soporte General,"Monterrey, Mexico",Dise√±ador Gr√°fico Jr enfocado al dise√±o corporativo,https://www.behance.net/joblist/311299/DISENADOR-JR-CORPORATIVO
Dise√±ador Grafico Jr,EMMSA,"Monterrey, Mexico",Dise√±ador Gr√°fico con Especializaci√≥n en Modelado 3D,https://www.behance.net/joblist/311297/Disenador-Grafico-Jr
Senior Graphic Designer,"Steelcase, Inc.","Monterrey1, Mexico",We are looking for someone to provide visual design solutions for print and digital media.,https://www.behance.net/joblist/311283/Senior-Graphic-Designer
Dise√±ador gr√°fico,Autten,"Sinaloa, Mexico",Buscamos apasionados por el disenÃÉo que quieran iniciar una carrera en el branding,https://www.behance.net/joblist/311291/Disenador-grafico
UI Designer,School of Marketing,"Cairo, Egypt",Join School of Marketing as a UI Designer,https://www.behance.net/joblist/311275/UI-Designer
Join School of Marketing as a Graphic Designer,School of Marketing,"Cairo, Egypt",Join School of Marketing as a Graphic Designer,https://www.behance.net/joblist/311271/Join-School-of-Marketing-as-a-Graphic-Designer
Directorx de Dise√±o Grafico,Desde Corea con Amor,"Puebla, Mexico",Dirige nuestro equipo de Dise√±o junto a nuestras marcas,https://www.behance.net/joblist/311205/Directorx-de-Diseno-Grafico
Grafico,Condire Digitale,"Modica, Italy",Selezioniamo un/una GRAPHIC DESIGNER SENIOR con almeno due anni di esperienza,https://www.behance.net/joblist/311193/Grafico
Motion Graphic Designer,Condire Digitale,"Modica, Italy",Selezioniamo un/una MOTION GRAPHIC DESIGNER con almeno due anni di esperienza,https://www.behance.net/joblist/311191/Motion-Graphic-Designer
Web Designer with UI/UX experience,Awove LTD,Anywhere,We are looking for an experienced Web & UI/UX designer to join our creative agency.,https://www.behance.net/joblist/311263/Web-Designer-with-UIUX-experience
Graphic Designer Med-Level,361 Degrees,Egypt,Graphic Designer Med-Level,https://www.behance.net/joblist/311247/Graphic-Designer-Med-Level
Graphic Designer,FLIP marketing company,"Dammam, Saudi Arabia","We are looking for creative graphic designer to join our team in Dammam, Saudi Arabia",https://www.behance.net/joblist/311233/Graphic-Designer
"VAGA PRESENCIAL EM FORTALEZA, CEAR√Å - DESIGNER GR√ÅFICO",GRUPO DE COMUNICA√á√ÉO O POVO,"Fortaleza, Brazil",VAGA PRESENCIAL - EM FORTALEZA. Designer gr√°fico editorial,https://www.behance.net/joblist/311201/VAGA-PRESENCIAL-EM-FORTALEZA-CEARA-DESIGNER-GRAFICO
Motion Designer/Video Editor,Creative Brains,"Cairo, Egypt",We're looking for a seasoned Motion Designer and video Editor,https://www.behance.net/joblist/311197/Motion-DesignerVideo-Editor
Join Our Supercool Team as a Graphic Designer in Bali!,Supercool Studio,"Bali, Indonesia",Are you a creative visionary with a passion for crafting captivating visuals?,https://www.behance.net/joblist/311123/Join-Our-Supercool-Team-as-a-Graphic-Designer-in-Bali
"Remote Brand Specialist - Argentina, Colombia, Indonesia, India, Malaysia, Mexico, Peru, Philippines",Make Relish,Anywhere,We are looking for an awesome Brand Specialist,https://www.behance.net/joblist/301713/Remote-Brand-Specialist-Argentina-Colombia-Indonesia-India-Malaysia-Mexico-Peru-Philippines
"Remote Creative Quality Specialist - Argentina, Colombia, Indonesia, India,Malaysia, Mexico, Peru, Philippines",Make Relish,Anywhere,We are on the lookout for Creative Quality Specialists,https://www.behance.net/joblist/301717/Remote-Creative-Quality-Specialist-Argentina-Colombia-Indonesia-IndiaMalaysia-Mexico-Peru-Philippines
"Remote Motion Graphics Artist - Argentina, Colombia, Indonesia, India, Malaysia, Mexico, Peru, Philippines",Make Relish,Anywhere,We are looking for an awesome Motion Graphics Artists!,https://www.behance.net/joblist/306697/Remote-Motion-Graphics-Artist-Argentina-Colombia-Indonesia-India-Malaysia-Mexico-Peru-Philippines
Ilustrador/a,Viernes Estrategia Audiovisual SAS,"Palmira, Colombia",En b√∫squeda de un talentoso ilustrador/a que desee formar parte de nuestro equipo creativo,https://www.behance.net/joblist/306039/Ilustradora
Children's book illustrator,Lawley Publishing,Anywhere,realistic illustrator for autism book,https://www.behance.net/joblist/311113/Childrens-book-illustrator
Visualization Designer,Rafael Vi√±oly Architects,"New York, NY, USA",Rafael Vi√±oly Architects is seeking a Visualization Designer for design presentations.,https://www.behance.net/joblist/311099/Visualization-Designer
Designer (m/w/d),Deutsche Sport Marketing,"Frankfurt am Main, Germany",Designer im Umfeld der Olympischen Spiele,https://www.behance.net/joblist/311095/Designer-(mwd)
3D Designer in Malaysia,Fast Events Sdn Bhd,Malaysia,3D Designer for events,https://www.behance.net/joblist/311053/3D-Designer-in-Malaysia
UI and Marketing Designer,Joy Studios,Anywhere,It is supercalifragilisticexpialidocious!,https://www.behance.net/joblist/311093/UI-and-Marketing-Designer
UI/UX Designer,Saledock,Anywhere,We're looking for a UX/UI Designer proficient in the creation of eCommerce sites,https://www.behance.net/joblist/311021/UIUX-Designer
Course Editor (UI/UX Design),Interaction Design Foundation,Anywhere,Course Editor (UI/UX Design),https://www.behance.net/joblist/311071/Course-Editor-(UIUX-Design)
Junior Video Editor,Robust Creative Solutions,Anywhere,We are seeking a talented Junior Video Premiere Pro Editor,https://www.behance.net/joblist/310965/Junior-Video-Editor
Senior Video Editor,Robust Creative Solutions,Anywhere,We are seeking a talented Senior Video Editor in Premiere Pro & After Effects,https://www.behance.net/joblist/310959/Senior-Video-Editor
Sr. Brand Designer,Atla*,Anywhere,We are looking for a Sr. Designer to lead our branding projects,https://www.behance.net/joblist/311011/Sr-Brand-Designer
"Dise√±ador de productos DISNEY, MARVEL Y SANRIO",GRUPO FEY,"Lima, Peru",Desarrollar y dise√±ar productos visuales innovadores y creativos basados en patentes.,https://www.behance.net/joblist/310765/Disenador-de-productos-DISNEY-MARVEL-Y-SANRIO
"Senior Graphic Designer (in-house, full-time)",RAT ADV,"Athens, Greece",Œó R.A.T. Advertising Œ±ŒΩŒ±Œ∂Œ∑œÑŒ¨ Senior Graphic Designer Œ≥ŒπŒ± ŒΩŒ± ŒµŒΩœÑŒ±œáŒ∏ŒµŒØ œÉœÑŒ∑ŒΩ ŒøŒºŒ¨Œ¥Œ± ŒºŒ±œÇ.,https://www.behance.net/joblist/310849/Senior-Graphic-Designer-(in-house-full-time)
Junior Art Director/illustrator,"Freeflow Ideas, Bangalore",India,We‚Äôre hiring a Junior Art Director/illustrator at freeflowideas.in,https://www.behance.net/joblist/310803/Junior-Art-Directorillustrator
graphic designer,Emenu Ineternational,Anywhere,Graphic Designer,https://www.behance.net/joblist/310779/graphic-designer
Video content creator & storyteller (B2B SaaS),Rasayel,Anywhere,We‚Äôre looking for a video content creator and creative storyteller for Rasayel (B2B SaaS),https://www.behance.net/joblist/310683/Video-content-creator-storyteller-(B2B-SaaS)
Visual storyteller & brand designer for B2B SaaS,Rasayel,Anywhere,We‚Äôre looking for an experienced visual storyteller and brand designer to join us,https://www.behance.net/joblist/310681/Visual-storyteller-brand-designer-for-B2B-SaaS
User Experience (UX) Designer,Sports Reference,Anywhere,Our team is seeking a UX Designer to help us build new products & features for our users.,https://www.behance.net/joblist/310675/User-Experience-(UX)-Designer
Dise√±ador Gr√°fico Junior,B Life,"Puebla, Mexico",Preproducci√≥n y Coordinaci√≥n de Dise√±o,https://www.behance.net/joblist/310663/Disenador-Grafico-Junior
Dise√±ador Gr√°fico Semi Senior,B Life,"Puebla, Mexico",Especialista en Empaques y Etiquetas,https://www.behance.net/joblist/310661/Disenador-Grafico-Semi-Senior
Webdesigner und Webprogrammierer gesucht (m/w/d),stellenmanufaktur,Anywhere,"Wir sind ein aufstrebendes Unternehmen, das marketingorientierte Internetl√∂sungen in ...",https://www.behance.net/joblist/26595/Webdesigner-und-Webprogrammierer-gesucht-(mwd)
Web Developer gesucht (m/w/d),stellenmanufaktur,Anywhere,"Jede geniale Idee braucht jemanden, der sie umsetzt.",https://www.behance.net/joblist/163187/Web-Developer-gesucht-(mwd)
Senior Graphic Designer (Port Elizabeth South Africa),HOOLA Agency,"Gqebera, South Africa",Heavyweight Graphic Designer,https://www.behance.net/joblist/310643/Senior-Graphic-Designer-(Port-Elizabeth-South-Africa)
Graphic Designer,PT Belajar Lebih Peka,Indonesia,Graphic Designer Full Time Wanted,https://www.behance.net/joblist/310595/Graphic-Designer
"Motion Graphics Designer, Video Editor and Visual Storyteller",Interaction Design Foundation Inc,Anywhere,"Motion Graphics Designer, Video Editor and Visual Storyteller",https://www.behance.net/joblist/310621/Motion-Graphics-Designer-Video-Editor-and-Visual-Storyteller
Internship at Sn√∏hetta Design,Sn√∏hetta Design,"Oslo, Norway",We are looking for a graphic & digital design intern to join our studio in Oslo.,https://www.behance.net/joblist/310473/Internship-at-Snoehetta-Design
2D/3D motion designer.,TENMATO j.d.o.o.,Anywhere,Looking for 2D and 3D motion designers,https://www.behance.net/joblist/310505/2D3D-motion-designer
Dise√±ador Gr√°fico,Mango Digital,"Mexicali, Mexico",Dise√±ador Gr√°fico con Experiencia en Dise√±o Web y Producci√≥n Audiovisual,https://www.behance.net/joblist/310493/Disenador-Grafico
Middle/ Senior 3D Artist –≤ —Å—Ç—É–¥–∏—é –≤–∏–∑—É–∞–ª–∏–∑–∞—Ü–∏–∏ Vis-oN,Vis-oN,Anywhere,–ú—ã –∏—â–µ–º —Ö—É–¥–æ–∂–Ω–∏–∫–∞ —Å –æ–ø—ã—Ç–æ–º —Ä–∞–±–æ—Ç—ã –Ω–∞ –±–æ–ª—å—à–∏—Ö –∞—Ä—Ö–∏—Ç–µ–∫—Ç—É—Ä–Ω—ã—Ö –∫–æ–º–º–µ—Ä—á–µ—Å–∫–∏—Ö –ø—Ä–æ–µ–∫—Ç–∞—Ö,https://www.behance.net/joblist/310465/Middle-Senior-3D-Artist-v-studiju-vizualizacii-Vis-oN
Graphic Designer,Studio Image Works,"New Delhi, India",We are looking for a creative and skilled Graphic Designer.,https://www.behance.net/joblist/310445/Graphic-Designer
VIDEOGRAPHER,Newtecons,Vietnam,NEWTECONS TUY·ªÇN D·ª§NG VIDEOGRAPHER üé•,https://www.behance.net/joblist/310407/VIDEOGRAPHER
UI/UX Designer,Knovos,"Gandhinagar, India",A candidate with thorough understanding of UI/UX design principles,https://www.behance.net/joblist/291661/UIUX-Designer
Graphic Designer,Knovos,"Gandhinagar, India",An all-round graphic designer for whom creativity matters more than the tools.,https://www.behance.net/joblist/291649/Graphic-Designer
Arabic Copywriter,Seven Brands,"City of New Cairo, Egypt",Hiring bilingual Arabic / English Copywriter,https://www.behance.net/joblist/310399/Arabic-Copywriter
Graphic Designer,Palnesto,"Hyderabad, India",Palnesto is looking for 3 innovative Graphic Designers to join our team!,https://www.behance.net/joblist/310361/Graphic-Designer
Copywriter,VOLUME,India,PLEASE NOTE: We are not looking for Content Writers.,https://www.behance.net/joblist/310349/Copywriter
Creative Associate - Art,VOLUME,India,We are looking for a Creative - Art Director/Graphic Design with a proactive attitude.,https://www.behance.net/joblist/310347/Creative-Associate-Art
Product image editor,Enmarketa,"Islamabad, Pakistan",We are looking for a product image editor expert.,https://www.behance.net/joblist/310307/Product-image-editor
Logo Designer,Identity Makers,"Ahmedabad, India",We are looking for a Professional Logo and Packaging designer,https://www.behance.net/joblist/310263/Logo-Designer
3D Event Designer,YOLO Events,"Kuala Lumpur, Malaysia",We are looking for an Event 3D Designer whose based in Malaysia,https://www.behance.net/joblist/310385/3D-Event-Designer
Creative Director - 3D - Shanghai,Asia Media Search,China,Are you a visionary 3D Creative Director?,https://www.behance.net/joblist/310343/Creative-Director-3D-Shanghai
G√∂rsel ƒ∞leti≈üim Tasarƒ±mcƒ±sƒ±/Hibrit,Lunapark Creative Works,Turkey,G√∂rsel ƒ∞leti≈üim Tasarƒ±mcƒ±sƒ± ƒ∞stanbul/Kabata≈ü,https://www.behance.net/joblist/310335/Goersel-letisim-TasarmcsHibrit
Dise√±ador Gr√°fico | Logo para Sello Discogr√°fico,Neus,Anywhere,Buscamos dise√±ador(a) experto(a) en logos.,https://www.behance.net/joblist/310311/Disenador-Grafico-Logo-para-Sello-Discografico
3d artist - Archviz Full time job,LOBO STUDIO,Anywhere,"If you want to grow and have a successfull job carrer, this is your company.",https://www.behance.net/joblist/233717/3d-artist-Archviz-Full-time-job
Full time 3d artist - Exterior Visualizations,LOBO STUDIO,Anywhere,We are hiring new 3d artists to join the team,https://www.behance.net/joblist/255285/Full-time-3d-artist-Exterior-Visualizations
Graphic Designer,WYSIWYG EVENTS PVT LTD,India,Looking for a graphic designer - Onsite Location - Gurgaon office,https://www.behance.net/joblist/310283/Graphic-Designer
Creative Director,Seeper,United Kingdom,Creative Director - Immersive Studio,https://www.behance.net/joblist/310245/Creative-Director
Graphic Designer/Social Media/Branding,Evolv Clothing Company,India,Social Media & Content Manager,https://www.behance.net/joblist/310211/Graphic-DesignerSocial-MediaBranding
Graphic Designer,Toole Design Group,"Minneapolis, MN, USA",Toole Design Group is looking for an experienced and talented full-time Graphic Designer.,https://www.behance.net/joblist/310203/Graphic-Designer
UI/UX Designer,JoinBrands,Anywhere,JoinBrands is looking for an experienced UI/UX Designer,https://www.behance.net/joblist/310215/UIUX-Designer
Graphic Designer,"Rosen's Diversified, Inc.","NE, USA","Various Packaging, Digital, & Print Materials",https://www.behance.net/joblist/310193/Graphic-Designer
Graphic Designer,Silly Monks Entertainment,"Hyderabad, India",We are looking for a creative graphic designer for the movies and brands,https://www.behance.net/joblist/277029/Graphic-Designer
Senior UX/UI,ABYAT,Anywhere,We are looking for senior UX/UI to join our team,https://www.behance.net/joblist/310139/Senior-UXUI
